{"cameraMode":{"drawMode":0,"name":"Shaded","section":"Shading Mode"},"sceneLighting":true,"audioPlay":false,"sceneViewState":{"m_AlwaysRefresh":false,"showFog":true,"showSkybox":true,"showFlares":true,"showImageEffects":true,"showParticleSystems":true,"showVisualEffectGraphs":true,"m_FxEnabled":true},"in2DMode":false,"pivot":{"x":25.71169662475586,"y":2.399611473083496,"z":5.3261332511901859},"rotation":{"x":-0.48423707485198977,"y":0.005508811678737402,"z":-0.0030490681529045107,"w":-0.8749185800552368},"size":23.94993019104004,"orthographic":false}