{"cameraMode":{"drawMode":0,"name":"Shaded","section":"Shading Mode"},"sceneLighting":true,"audioPlay":false,"sceneViewState":{"m_AlwaysRefresh":false,"showFog":true,"showSkybox":true,"showFlares":true,"showImageEffects":true,"showParticleSystems":true,"showVisualEffectGraphs":true,"m_FxEnabled":true},"in2DMode":false,"pivot":{"x":19.570415496826173,"y":-124.58868408203125,"z":70.05317687988281},"rotation":{"x":-0.5169793367385864,"y":0.0005406559794209898,"z":-0.00028430356178432703,"w":-0.8560353517532349},"size":114.8473892211914,"orthographic":false}