{"cameraMode":{"drawMode":0,"name":"Shaded","section":"Shading Mode"},"sceneLighting":true,"audioPlay":false,"sceneViewState":{"m_AlwaysRefresh":false,"showFog":true,"showSkybox":true,"showFlares":true,"showImageEffects":true,"showParticleSystems":true,"showVisualEffectGraphs":true,"m_FxEnabled":true},"in2DMode":false,"pivot":{"x":9.292740821838379,"y":-42.97869110107422,"z":54.252384185791019},"rotation":{"x":0.41182056069374087,"y":-0.013667778111994267,"z":0.006177792325615883,"w":0.9111447930335999},"size":58.80718231201172,"orthographic":false}