{"cameraMode":{"drawMode":0,"name":"Shaded","section":"Shading Mode"},"sceneLighting":false,"audioPlay":false,"sceneViewState":{"m_AlwaysRefresh":false,"showFog":true,"showSkybox":false,"showFlares":true,"showImageEffects":true,"showParticleSystems":true,"showVisualEffectGraphs":true,"m_FxEnabled":true},"in2DMode":false,"pivot":{"x":0.7419912815093994,"y":-4.032773971557617,"z":0.9042911529541016},"rotation":{"x":0.5128297805786133,"y":0.007726643234491348,"z":-0.004615615122020245,"w":0.858446478843689},"size":16.902202606201173,"orthographic":false}